id,first_name,last_name,email,gender,country,job
1,Agosto,Allsepp,aallsepp0@engadget.com,Male,Portugal,VP Sales
2,Lawrence,Hoovart,lhoovart1@dyndns.org,Male,China,Speech Pathologist
3,Wilmar,Chyuerton,wchyuerton2@zimbio.com,Male,Mexico,General Manager
4,Donn,Beauman,dbeauman3@miibeian.gov.cn,Male,Sweden,Food Chemist
5,Chloette,Kehir,ckehir4@lulu.com,Female,Thailand,Nurse
6,Alwyn,Langtree,alangtree5@sbwire.com,Male,United States,Analyst Programmer
7,Morris,Pearch,mpearch6@pen.io,Male,Canada,Chief Design Engineer
8,Cedric,Stanlock,cstanlock7@ted.com,Male,Peru,Nuclear Power Engineer
9,Lauren,Beveredge,lbeveredge8@netlog.com,Female,Angola,Director of Sales
10,Tabor,Ducrow,tducrow9@cam.ac.uk,Male,Vietnam,Help Desk Operator
11,Abbot,Prentice,aprenticea@wikia.com,Male,Poland,Senior Quality Engineer
12,Burr,Kuhnwald,bkuhnwaldb@wufoo.com,Male,Sierra Leone,Structural Engineer
13,Danice,Pinnijar,dpinnijarc@dmoz.org,Female,Sweden,Programmer II
14,Mirella,Aleshintsev,maleshintsevd@digg.com,Female,Honduras,Analog Circuit Design manager
15,Harlen,Kauschke,hkauschkee@bluehost.com,Male,Poland,Registered Nurse
16,Jody,Cawood,jcawoodf@sina.com.cn,Male,Indonesia,Editor
17,Schuyler,Beard,sbeardg@youtube.com,Male,Estonia,Community Outreach Specialist
18,Dur,Powdrill,dpowdrillh@dmoz.org,Male,China,Cost Accountant
19,Edna,Petry,epetryi@hao123.com,Female,Tanzania,Food Chemist
20,Rinaldo,Stutard,rstutardj@joomla.org,Male,Philippines,Pharmacist
21,Rivkah,Keble,rkeblek@pen.io,Genderqueer,France,Operator
22,Tonie,Ansley,tansleyl@goodreads.com,Female,Finland,Software Engineer II
23,Stanislas,Pincked,spinckedm@sogou.com,Male,Philippines,Data Coordinator
24,Adrea,Varvell,avarvelln@usa.gov,Female,China,Marketing Assistant
25,Chelsea,Worham,cworhamo@slashdot.org,Agender,China,Software Engineer II
26,Terrence,Delacroux,tdelacrouxp@cbc.ca,Agender,China,Occupational Therapist
27,Rhody,Munday,rmundayq@nba.com,Female,Indonesia,Analyst Programmer
28,Ellswerth,Bradnum,ebradnumr@timesonline.co.uk,Male,Palestinian Territory,Business Systems Development Analyst
29,Sela,Hateley,shateleys@answers.com,Female,Argentina,Information Systems Manager
30,Lark,Emps,lempst@liveinternet.ru,Female,China,Recruiter
31,Beryl,Hecks,bhecksu@scientificamerican.com,Female,Portugal,VP Accounting
32,Colline,Le Count,clecountv@pcworld.com,Female,Croatia,Biostatistician III
33,Ula,Devonport,udevonportw@home.pl,Female,Thailand,Quality Engineer
34,Dickie,Coumbe,dcoumbex@salon.com,Male,Dominican Republic,Data Coordinator
35,Demott,Fashion,dfashiony@nhs.uk,Male,Czech Republic,Senior Cost Accountant
36,Rita,Butland,rbutlandz@altervista.org,Female,Indonesia,Assistant Professor
37,Karla,Milberry,kmilberry10@statcounter.com,Female,Honduras,VP Marketing
38,Pris,Gwillim,pgwillim11@ft.com,Female,Indonesia,Help Desk Operator
39,Orson,Taylo,otaylo12@cbslocal.com,Male,Niger,Senior Quality Engineer
40,Candie,Kos,ckos13@bloglines.com,Female,China,Associate Professor
41,Leanna,Peach,lpeach14@soundcloud.com,Female,Vietnam,Mechanical Systems Engineer
42,Kelsey,Labes,klabes15@hao123.com,Female,France,Mechanical Systems Engineer
43,Ambros,Jeacocke,ajeacocke16@ovh.net,Male,Germany,Professor
44,Myrilla,Baleine,mbaleine17@youtube.com,Female,Ukraine,Tax Accountant
45,Garold,Meadmore,gmeadmore18@addtoany.com,Male,China,Operator
46,Ethyl,Donalson,edonalson19@exblog.jp,Female,China,Geologist II
47,Gene,Kittle,gkittle1a@cpanel.net,Female,China,Financial Analyst
48,Brana,Cottom,bcottom1b@ucla.edu,Female,Philippines,Compensation Analyst
49,Teddy,Goodbarne,tgoodbarne1c@state.tx.us,Male,Poland,Developer IV
50,Jackie,Marking,jmarking1d@chronoengine.com,Female,Vietnam,Food Chemist
51,Elora,Paintain,epaintain1e@washingtonpost.com,Female,Argentina,Research Nurse
52,Maryanne,Entreis,mentreis1f@cam.ac.uk,Female,Nigeria,Environmental Tech
53,Willy,Hultberg,whultberg1g@geocities.jp,Female,Bulgaria,Nuclear Power Engineer
54,Tamarah,Dummett,tdummett1h@mapquest.com,Female,Finland,Programmer II
55,Giulia,McDermott,gmcdermott1i@liveinternet.ru,Female,Guatemala,Associate Professor
56,Sidnee,Van der Spohr,svanderspohr1j@cisco.com,Male,Uzbekistan,Operator
57,Tabbitha,Litterick,tlitterick1k@wiley.com,Female,Indonesia,Programmer I
58,Jourdan,Slegg,jslegg1l@usnews.com,Female,Bhutan,Programmer I
59,Adria,Clogg,aclogg1m@wp.com,Female,Togo,Marketing Manager
60,Bevon,Tinghill,btinghill1n@forbes.com,Male,New Zealand,Account Executive
61,Moshe,Marlon,mmarlon1o@cocolog-nifty.com,Male,Nigeria,Account Executive
62,Shoshana,Loughead,sloughead1p@guardian.co.uk,Female,Philippines,Payment Adjustment Coordinator
63,Si,Danzelman,sdanzelman1q@smugmug.com,Male,Ukraine,Editor
64,Ignaz,Freeborn,ifreeborn1r@usnews.com,Male,Russia,Clinical Specialist
65,Mill,Lipp,mlipp1s@privacy.gov.au,Male,Angola,Clinical Specialist
66,Gallagher,Tollemache,gtollemache1t@google.nl,Male,Poland,Engineer II
67,Gayle,Djorevic,gdjorevic1u@ning.com,Bigender,Philippines,Payment Adjustment Coordinator
68,Erny,Milley,emilley1v@photobucket.com,Male,Vietnam,Nurse
69,Algernon,Agge,aagge1w@ca.gov,Male,Peru,Actuary
70,Gram,Monks,gmonks1x@joomla.org,Male,France,Account Executive
71,Stinky,Helwig,shelwig1y@sbwire.com,Male,Benin,Accounting Assistant I
72,Leo,Paskin,lpaskin1z@goodreads.com,Male,Philippines,GIS Technical Architect
73,Margarette,Darlaston,mdarlaston20@engadget.com,Female,Indonesia,Legal Assistant
74,Guglielmo,Madine,gmadine21@cam.ac.uk,Male,Indonesia,Senior Sales Associate
75,Tanny,Tregona,ttregona22@howstuffworks.com,Agender,Armenia,Human Resources Manager
76,Dehlia,Fairbanks,dfairbanks23@unc.edu,Female,Mozambique,Help Desk Technician
77,Philipa,Fargie,pfargie24@usnews.com,Female,Brazil,Developer II
78,Thibaud,Gillimgham,tgillimgham25@comcast.net,Agender,China,Clinical Specialist
79,Jarad,Stancer,jstancer26@rakuten.co.jp,Male,Indonesia,Software Consultant
80,Etty,Waghorne,ewaghorne27@yale.edu,Female,Indonesia,Senior Developer
81,Amelita,Dries,adries28@imdb.com,Female,Finland,Legal Assistant
82,Glen,Dickens,gdickens29@techcrunch.com,Female,China,Internal Auditor
83,Abe,Abberley,aabberley2a@webnode.com,Male,Thailand,Social Worker
84,Christy,De Mattia,cdemattia2b@nytimes.com,Female,Philippines,Help Desk Operator
85,Kaycee,Hanaby,khanaby2c@yandex.ru,Female,Indonesia,Help Desk Technician
86,Ludovico,Starkey,lstarkey2d@t-online.de,Male,China,Associate Professor
87,Moshe,Moubray,mmoubray2e@netlog.com,Male,Philippines,Database Administrator II
88,Laird,Luparti,lluparti2f@google.com,Male,France,Speech Pathologist
89,Henrieta,Izakof,hizakof2g@ft.com,Female,Russia,Research Associate
90,Natty,Vivian,nvivian2h@ucsd.edu,Male,Honduras,Operator
91,Catha,Link,clink2i@nba.com,Female,China,Administrative Assistant II
92,Raeann,Norway,rnorway2j@flickr.com,Female,Sweden,Biostatistician II
93,Marji,Oakwood,moakwood2k@cdc.gov,Female,Russia,Recruiting Manager
94,Kerrie,Yexley,kyexley2l@japanpost.jp,Female,South Africa,Assistant Manager
95,Theodoric,Iorio,tiorio2m@bigcartel.com,Male,South Korea,Senior Quality Engineer
96,Damiano,Vaan,dvaan2n@globo.com,Male,China,Registered Nurse
97,Iago,Shuttleworth,ishuttleworth2o@ning.com,Male,Kosovo,Account Coordinator
98,Sidonia,Randalston,srandalston2p@creativecommons.org,Female,Sweden,Social Worker
99,Audre,Lynnitt,alynnitt2q@google.co.uk,Polygender,Egypt,Graphic Designer
100,Helena,Ginnally,hginnally2r@cmu.edu,Female,Russia,Account Executive
101,Henrik,Ellicott,hellicott2s@mac.com,Male,China,Financial Analyst
102,Nan,Kingsnorth,nkingsnorth2t@ameblo.jp,Female,Greece,Accounting Assistant I
103,Maxi,Nilles,mnilles2u@hud.gov,Female,United States,Engineer IV
104,Siegfried,Meaden,smeaden2v@cmu.edu,Genderqueer,Nepal,Administrative Officer
105,Zahara,Scotson,zscotson2w@globo.com,Female,Philippines,Engineer I
106,Gun,Decourt,gdecourt2x@oracle.com,Genderfluid,China,Statistician III
107,Fionna,Speedy,fspeedy2y@imgur.com,Female,Sierra Leone,Research Associate
108,Niles,Sawdy,nsawdy2z@scribd.com,Male,Czech Republic,Nurse
109,Crissy,Remmers,cremmers30@whitehouse.gov,Female,Chile,Accountant I
110,Gelya,MacAulay,gmacaulay31@miibeian.gov.cn,Female,Indonesia,Developer II
111,Addi,Munt,amunt32@go.com,Female,Yemen,Environmental Tech
112,Rainer,Yarrell,ryarrell33@sciencedirect.com,Polygender,Argentina,Teacher
113,Mercedes,Cashman,mcashman34@wikispaces.com,Female,Brazil,Civil Engineer
114,Felice,Sweetsur,fsweetsur35@skype.com,Male,Indonesia,Business Systems Development Analyst
115,Modestia,McGerr,mmcgerr36@census.gov,Female,Nicaragua,General Manager
116,Templeton,Guihen,tguihen37@icq.com,Male,China,Automation Specialist IV
117,Theressa,Maxwaile,tmaxwaile38@seesaa.net,Female,Philippines,Help Desk Operator
118,Ettore,Duffit,eduffit39@twitter.com,Agender,Albania,Staff Accountant I
119,Sherilyn,Heckney,sheckney3a@wiley.com,Female,Philippines,Graphic Designer
120,Marty,Crowson,mcrowson3b@deviantart.com,Female,Belarus,Data Coordinator
121,Dimitri,Ramelet,dramelet3c@mediafire.com,Male,Iran,Software Test Engineer IV
122,Jenni,Ottosen,jottosen3d@issuu.com,Female,Indonesia,Financial Advisor
123,Tracy,Marti,tmarti3e@canalblog.com,Female,Tunisia,Marketing Assistant
124,Davida,McGairl,dmcgairl3f@gmpg.org,Female,China,General Manager
125,Eduardo,Jeavon,ejeavon3g@furl.net,Male,Canada,Project Manager
126,Bibbie,Jost,bjost3h@biblegateway.com,Female,Ukraine,Software Consultant
127,Tim,Lamden,tlamden3i@discuz.net,Non-binary,Czech Republic,Geological Engineer
128,Freedman,Shuttlewood,fshuttlewood3j@sciencedaily.com,Male,Brazil,Computer Systems Analyst IV
129,Rodd,Comi,rcomi3k@weebly.com,Male,Portugal,Food Chemist
130,Abramo,Danniell,adanniell3l@cisco.com,Male,Sierra Leone,VP Sales
131,Shurlock,Schechter,sschechter3m@auda.org.au,Male,Russia,Dental Hygienist
132,Garry,Kiljan,gkiljan3n@livejournal.com,Non-binary,Thailand,Assistant Manager
133,Barbaraanne,Tull,btull3o@tiny.cc,Non-binary,Philippines,Teacher
134,Avivah,Haquard,ahaquard3p@harvard.edu,Female,Philippines,Marketing Manager
135,Inessa,todor,itodor3q@dailymail.co.uk,Female,Poland,Assistant Professor
136,Davita,Ancliffe,dancliffe3r@soup.io,Female,Brazil,Chief Design Engineer
137,Hannah,Eldrett,heldrett3s@washingtonpost.com,Female,Russia,Web Developer II
138,Barth,Brahams,bbrahams3t@jiathis.com,Polygender,Uzbekistan,Project Manager
139,Jules,Zavattero,jzavattero3u@squarespace.com,Male,Mexico,Graphic Designer
140,Lavinia,Shackel,lshackel3v@ehow.com,Female,China,Marketing Manager
141,Stacie,Pressdee,spressdee3w@aol.com,Female,Argentina,Associate Professor
142,Karilynn,Isaak,kisaak3x@prnewswire.com,Female,Czech Republic,Financial Analyst
143,Audra,La Rosa,alarosa3y@cdc.gov,Female,Russia,Assistant Professor
144,Lillian,Prew,lprew3z@blogger.com,Female,Czech Republic,Data Coordinator
145,Emile,Crake,ecrake40@goo.gl,Male,Dominican Republic,Dental Hygienist
146,Siegfried,Colquitt,scolquitt41@nytimes.com,Male,Colombia,Help Desk Operator
147,Lock,Duffet,lduffet42@dailymotion.com,Male,Indonesia,Information Systems Manager
148,Manuel,Ferran,mferran43@ucoz.ru,Male,China,Associate Professor
149,Meryl,Jeanesson,mjeanesson44@list-manage.com,Male,Philippines,Business Systems Development Analyst
150,Odo,Runsey,orunsey45@imageshack.us,Male,China,Programmer Analyst I
151,Leicester,Jacobsz,ljacobsz46@edublogs.org,Male,Czech Republic,Project Manager
152,Addie,Drought,adrought47@360.cn,Female,Bulgaria,Community Outreach Specialist
153,Coriss,Chapleo,cchapleo48@a8.net,Female,China,Software Engineer IV
154,Sena,Tremberth,stremberth49@statcounter.com,Female,Croatia,Developer IV
155,Clari,Mc Cahey,cmccahey4a@google.co.uk,Female,Serbia,Media Manager I
156,Rosmunda,Suttie,rsuttie4b@ed.gov,Female,Mexico,Human Resources Manager
157,Hastie,Matthessen,hmatthessen4c@dell.com,Male,Indonesia,Financial Advisor
158,Florina,Felton,ffelton4d@xrea.com,Female,China,Safety Technician IV
159,Faber,Leppingwell,fleppingwell4e@smugmug.com,Male,China,Dental Hygienist
160,Cart,Leighton,cleighton4f@adobe.com,Male,Bahamas,Safety Technician III
161,Philbert,D'eye,pdeye4g@disqus.com,Male,Russia,Assistant Professor
162,Celinka,Brandham,cbrandham4h@ameblo.jp,Female,China,Computer Systems Analyst IV
163,Clerkclaude,Brookes,cbrookes4i@github.io,Male,Russia,Programmer II
164,Pauly,Clemmow,pclemmow4j@nps.gov,Female,China,Electrical Engineer
165,Mirabel,Streight,mstreight4k@vk.com,Female,Bosnia and Herzegovina,GIS Technical Architect
166,Rici,Hoyes,rhoyes4l@auda.org.au,Female,China,Information Systems Manager
167,Skyler,Hindenburg,shindenburg4m@eventbrite.com,Male,Indonesia,Project Manager
168,Aldric,Govan,agovan4n@t-online.de,Male,Thailand,Mechanical Systems Engineer
169,Antone,Vicker,avicker4o@canalblog.com,Bigender,Philippines,Senior Quality Engineer
170,Peyton,Loosley,ploosley4p@ucoz.com,Male,Sweden,Research Assistant I
171,John,Marney,jmarney4q@google.cn,Male,Slovenia,Programmer Analyst II
172,Renaldo,Mayzes,rmayzes4r@ocn.ne.jp,Male,Kazakhstan,Quality Control Specialist
173,Lauren,Hulme,lhulme4s@naver.com,Female,Philippines,Biostatistician II
174,Kalle,Arrundale,karrundale4t@senate.gov,Male,Russia,Developer II
175,Dominick,Le - Count,dlecount4u@phoca.cz,Male,Indonesia,Help Desk Operator
176,Giffy,Spurling,gspurling4v@clickbank.net,Male,Sweden,Programmer Analyst IV
177,Niles,Heak,nheak4w@bloomberg.com,Male,Thailand,Actuary
178,Shay,Domelow,sdomelow4x@hc360.com,Male,Poland,General Manager
179,Doro,Ashall,dashall4y@quantcast.com,Female,France,Senior Sales Associate
180,Emiline,Arntzen,earntzen4z@cocolog-nifty.com,Bigender,Bosnia and Herzegovina,Senior Quality Engineer
181,Guinna,Zaczek,gzaczek50@gravatar.com,Female,Mexico,Professor
182,Giacobo,Schimek,gschimek51@blogs.com,Male,China,Chief Design Engineer
183,Amandie,Scotts,ascotts52@sakura.ne.jp,Female,China,Geological Engineer
184,Lamont,Lowdeane,llowdeane53@wp.com,Male,Mongolia,Internal Auditor
185,Miran,Hearns,mhearns54@businessweek.com,Female,Argentina,Chief Design Engineer
186,Rhoda,Sokill,rsokill55@mac.com,Female,Portugal,Staff Accountant I
187,Claretta,Children,cchildren56@paypal.com,Female,China,Help Desk Operator
188,Caesar,Sotworth,csotworth57@umn.edu,Non-binary,China,Tax Accountant
189,Brita,Geaveny,bgeaveny58@yahoo.com,Female,France,Automation Specialist II
190,Wayne,Pescud,wpescud59@redcross.org,Male,China,Analog Circuit Design manager
191,Madelle,Hatfield,mhatfield5a@mediafire.com,Female,Kazakhstan,Staff Scientist
192,Xavier,Anfonsi,xanfonsi5b@wikimedia.org,Male,France,Computer Systems Analyst II
193,Sergent,Boerderman,sboerderman5c@abc.net.au,Male,Czech Republic,Senior Quality Engineer
194,Reggy,Lewnden,rlewnden5d@lulu.com,Male,Nigeria,Senior Editor
195,Hartley,Brandel,hbrandel5e@comcast.net,Male,Portugal,Quality Engineer
196,Sibbie,Areles,sareles5f@woothemes.com,Genderfluid,Philippines,Paralegal
197,Magnum,Kegg,mkegg5g@bigcartel.com,Male,Micronesia,Editor
198,Joachim,Packham,jpackham5h@shinystat.com,Male,Yemen,Civil Engineer
199,Mellie,Dunmore,mdunmore5i@nationalgeographic.com,Female,Portugal,Registered Nurse
200,Iver,Peart,ipeart5j@cmu.edu,Male,China,Analyst Programmer
201,Dani,Slorance,dslorance5k@free.fr,Female,Indonesia,Executive Secretary
202,Maximilien,Horley,mhorley5l@patch.com,Male,Russia,Physical Therapy Assistant
203,Ammamaria,Barbisch,abarbisch5m@google.com.hk,Female,Tajikistan,Civil Engineer
204,Irwinn,Essex,iessex5n@nhs.uk,Male,Russia,Nurse Practicioner
205,Dunc,Kenford,dkenford5o@nba.com,Male,Czech Republic,Environmental Tech
206,Cob,Hurdle,churdle5p@angelfire.com,Male,China,Geological Engineer
207,Malia,Greening,mgreening5q@studiopress.com,Female,Belarus,Human Resources Manager
208,Sollie,McGowing,smcgowing5r@canalblog.com,Male,Tajikistan,GIS Technical Architect
209,Karia,Lubman,klubman5s@nyu.edu,Female,Poland,Actuary
210,Freddy,Higgan,fhiggan5t@disqus.com,Male,China,Database Administrator IV
211,Berti,Folker,bfolker5u@dot.gov,Male,China,Structural Analysis Engineer
212,Steffen,Pattingson,spattingson5v@4shared.com,Male,Indonesia,Research Associate
213,Elwood,Tummasutti,etummasutti5w@elegantthemes.com,Male,Philippines,Quality Control Specialist
214,Bryn,Manoch,bmanoch5x@123-reg.co.uk,Male,Uzbekistan,Librarian
215,Eadie,Wheeldon,ewheeldon5y@virginia.edu,Female,Russia,Financial Advisor
216,Nathanial,Danson,ndanson5z@soundcloud.com,Male,Colombia,Marketing Manager
217,Stanford,O'Flannery,soflannery60@bluehost.com,Male,North Korea,Product Engineer
218,Jody,Lukas,jlukas61@tripadvisor.com,Female,Czech Republic,Assistant Professor
219,Wilow,Piniur,wpiniur62@scientificamerican.com,Female,Indonesia,Research Nurse
220,Saree,Hogbourne,shogbourne63@usda.gov,Female,Brazil,Teacher
221,Cecil,Cathersides,ccathersides64@cnet.com,Male,Dominican Republic,VP Sales
222,Case,Mixture,cmixture65@lulu.com,Male,France,Computer Systems Analyst II
223,Dedra,Selesnick,dselesnick66@deliciousdays.com,Female,Indonesia,Quality Control Specialist
224,Joli,Beckhurst,jbeckhurst67@odnoklassniki.ru,Female,Portugal,Human Resources Assistant IV
225,Paxton,Gwinn,pgwinn68@utexas.edu,Male,Russia,Structural Engineer
226,Orion,Lardnar,olardnar69@furl.net,Male,Pakistan,Desktop Support Technician
227,Katee,Decreuze,kdecreuze6a@amazon.de,Female,Indonesia,Analog Circuit Design manager
228,Marika,McGrowther,mmcgrowther6b@jimdo.com,Agender,Peru,Marketing Assistant
229,Sidnee,Sentance,ssentance6c@google.co.uk,Male,Bolivia,Tax Accountant
230,Nicko,Kilpatrick,nkilpatrick6d@stanford.edu,Male,Peru,Software Engineer I
231,Alfreda,Devonport,adevonport6e@stumbleupon.com,Non-binary,United States,Media Manager II
232,Livvie,Hincks,lhincks6f@1688.com,Female,Argentina,Dental Hygienist
233,Horten,Adkin,hadkin6g@facebook.com,Male,Portugal,Staff Scientist
234,Hallie,Absolem,habsolem6h@blog.com,Female,United States,Sales Representative
235,Jae,Mutch,jmutch6i@unblog.fr,Male,South Africa,Senior Editor
236,Giacomo,Romanelli,gromanelli6j@ed.gov,Male,Russia,Environmental Specialist
237,Amil,Fosher,afosher6k@booking.com,Female,Norway,Cost Accountant
238,Ceciley,Ishchenko,cishchenko6l@nymag.com,Female,Iran,Marketing Manager
239,Benedicto,Baudasso,bbaudasso6m@devhub.com,Genderfluid,Slovenia,Account Executive
240,Karrie,Jurries,kjurries6n@a8.net,Agender,Poland,Librarian
241,Danny,MacGraith,dmacgraith6o@tinyurl.com,Male,Russia,Staff Accountant III
242,Erinn,Wiseman,ewiseman6p@paginegialle.it,Female,China,Pharmacist
243,Weidar,Maggiore,wmaggiore6q@a8.net,Male,Croatia,Payment Adjustment Coordinator
244,Kathlin,Goard,kgoard6r@1688.com,Female,Indonesia,Senior Cost Accountant
245,Mikael,Maharry,mmaharry6s@java.com,Male,Pakistan,VP Marketing
246,Olympia,Trevethan,otrevethan6t@wikispaces.com,Female,Indonesia,Account Coordinator
247,Kent,Coggan,kcoggan6u@npr.org,Male,Uganda,Occupational Therapist
248,Iago,Galland,igalland6v@pinterest.com,Male,Philippines,Civil Engineer
249,Estevan,McCuish,emccuish6w@dyndns.org,Male,Argentina,Web Designer I
250,Basia,Horsell,bhorsell6x@hud.gov,Female,Nicaragua,Legal Assistant
251,Griz,German,ggerman6y@columbia.edu,Male,China,Human Resources Manager
252,Aggy,Burlingham,aburlingham6z@stanford.edu,Agender,Cuba,Food Chemist
253,Marty,Cheltnam,mcheltnam70@indiatimes.com,Male,China,Physical Therapy Assistant
254,Kimberlee,Geraldez,kgeraldez71@xrea.com,Bigender,Portugal,Registered Nurse
255,Waldemar,Turnpenny,wturnpenny72@people.com.cn,Male,Greece,Editor
256,Staford,Campling,scampling73@google.com.br,Male,Vietnam,Systems Administrator I
257,Obidiah,Sidebotton,osidebotton74@dion.ne.jp,Male,Guatemala,Analog Circuit Design manager
258,Amandi,Silk,asilk75@linkedin.com,Female,Brazil,Software Consultant
259,Rollin,Shoebridge,rshoebridge76@ocn.ne.jp,Male,Indonesia,Editor
260,Bella,Briand,bbriand77@posterous.com,Female,China,Research Assistant III
261,Laetitia,Stoate,lstoate78@miitbeian.gov.cn,Female,United States,Web Designer II
262,Francisca,Dicky,fdicky79@opensource.org,Female,Mongolia,Financial Analyst
263,Car,Ordish,cordish7a@cbc.ca,Non-binary,Czech Republic,Accounting Assistant III
264,Ashton,Scouller,ascouller7b@ebay.co.uk,Male,Argentina,Account Executive
265,Chrisse,Liverseege,cliverseege7c@state.gov,Male,Morocco,Financial Analyst
266,Gib,Healey,ghealey7d@google.com.au,Male,Uganda,Physical Therapy Assistant
267,Elizabeth,Goozee,egoozee7e@google.de,Female,China,Dental Hygienist
268,Miles,Fforde,mfforde7f@sohu.com,Male,China,VP Accounting
269,Astrid,Batistelli,abatistelli7g@nydailynews.com,Female,Bhutan,Budget/Accounting Analyst IV
270,Noami,Hartshorne,nhartshorne7h@squarespace.com,Female,Dominican Republic,Environmental Tech
271,Zachary,Laudham,zlaudham7i@yellowbook.com,Male,China,Environmental Specialist
272,Cale,Scullin,cscullin7j@vistaprint.com,Male,Indonesia,Desktop Support Technician
273,Scotty,Wennington,swennington7k@chronoengine.com,Male,Philippines,Office Assistant III
274,Saul,Caplis,scaplis7l@nifty.com,Male,Vietnam,Safety Technician III
275,Martha,Spittall,mspittall7m@joomla.org,Female,Indonesia,Senior Developer
276,Alonzo,Baron,abaron7n@hostgator.com,Male,Thailand,Account Executive
277,Philipa,Busk,pbusk7o@state.gov,Female,Greece,Help Desk Technician
278,Tudor,Carden,tcarden7p@zimbio.com,Genderfluid,Togo,Recruiter
279,Morten,Norley,mnorley7q@ucsd.edu,Male,France,Safety Technician I
280,Beltran,Woolland,bwoolland7r@yellowbook.com,Male,Russia,Associate Professor
281,Hewitt,Van der Kruis,hvanderkruis7s@addthis.com,Male,China,Sales Associate
282,Vincents,Forestel,vforestel7t@joomla.org,Agender,China,Data Coordinator
283,Staffard,Hriinchenko,shriinchenko7u@meetup.com,Male,China,Accounting Assistant III
284,Mariel,Waldren,mwaldren7v@oakley.com,Female,Netherlands,Account Executive
285,Breanne,Worsall,bworsall7w@kickstarter.com,Female,Ivory Coast,Human Resources Assistant III
286,Hatti,Pauls,hpauls7x@china.com.cn,Female,Thailand,Developer II
287,Ardys,Hug,ahug7y@webmd.com,Polygender,Honduras,Teacher
288,Stacee,Fronek,sfronek7z@constantcontact.com,Female,Brazil,Product Engineer
289,Seymour,Estcourt,sestcourt80@drupal.org,Male,Ethiopia,Cost Accountant
290,Marta,McNally,mmcnally81@slate.com,Non-binary,China,Editor
291,Ellwood,McCrow,emccrow82@tuttocitta.it,Male,Poland,Web Developer I
292,Abner,Hagland,ahagland83@chron.com,Male,Russia,Environmental Tech
293,Darius,Mansel,dmansel84@soundcloud.com,Male,South Korea,Database Administrator II
294,Kordula,Fibben,kfibben85@bloomberg.com,Female,Philippines,Nurse Practicioner
295,Claudelle,Broz,cbroz86@google.de,Female,Philippines,Account Coordinator
296,Maura,Darington,mdarington87@businessinsider.com,Female,Portugal,Marketing Assistant
297,Rochella,Fishpond,rfishpond88@unblog.fr,Female,Greece,VP Quality Control
298,Terry,Sare,tsare89@sohu.com,Male,Germany,Legal Assistant
299,Chadd,Laurisch,claurisch8a@geocities.com,Polygender,France,Social Worker
300,Boycey,Labbati,blabbati8b@meetup.com,Male,China,VP Quality Control
301,Denna,McTrustrie,dmctrustrie8c@elegantthemes.com,Female,Mongolia,Software Test Engineer II
302,Che,Dunkerton,cdunkerton8d@dedecms.com,Male,Peru,Social Worker
303,Alix,Pinchin,apinchin8e@bloglovin.com,Male,France,Operator
304,Richmound,Powland,rpowland8f@mayoclinic.com,Male,Japan,Occupational Therapist
305,Deva,Raikes,draikes8g@baidu.com,Female,Brazil,Assistant Media Planner
306,Onida,Fairham,ofairham8h@4shared.com,Female,Argentina,Senior Developer
307,Tades,Smitheram,tsmitheram8i@apple.com,Male,Armenia,Information Systems Manager
308,Gerri,Shemwell,gshemwell8j@wikia.com,Female,China,Product Engineer
309,Allen,Grand,agrand8k@twitter.com,Male,China,GIS Technical Architect
310,Barbey,Brounfield,bbrounfield8l@dropbox.com,Female,China,Environmental Tech
311,Obie,Sacher,osacher8m@networkadvertising.org,Male,China,Editor
312,Minetta,Christensen,mchristensen8n@csmonitor.com,Female,Cuba,Business Systems Development Analyst
313,George,Larn,glarn8o@utexas.edu,Male,Mongolia,Senior Developer
314,Aharon,Quenby,aquenby8p@smugmug.com,Male,Indonesia,Systems Administrator IV
315,Titos,Tuer,ttuer8q@slate.com,Genderfluid,Japan,VP Marketing
316,Lucie,Ioannou,lioannou8r@dedecms.com,Female,Indonesia,Librarian
317,Sabrina,Richfield,srichfield8s@wix.com,Bigender,China,Pharmacist
318,Godard,Blogg,gblogg8t@blogspot.com,Male,Indonesia,Assistant Professor
319,Greer,Lessmare,glessmare8u@lycos.com,Female,China,Design Engineer
320,Gabe,Wedderburn,gwedderburn8v@goodreads.com,Male,Bosnia and Herzegovina,Software Test Engineer I
321,Jess,Waind,jwaind8w@arizona.edu,Female,China,Data Coordinator
322,Quincy,Winterburn,qwinterburn8x@sitemeter.com,Male,China,Quality Control Specialist
323,Pincus,Lucia,plucia8y@icio.us,Male,Ukraine,Software Consultant
324,Augustus,Glancey,aglancey8z@wikipedia.org,Male,China,Community Outreach Specialist
325,Lizabeth,McWilliam,lmcwilliam90@microsoft.com,Female,Indonesia,Media Manager I
326,Yolande,Enoksson,yenoksson91@ft.com,Female,United States,Civil Engineer
327,Lynn,Whenman,lwhenman92@microsoft.com,Male,Armenia,Environmental Tech
328,Rabi,Cristofolini,rcristofolini93@guardian.co.uk,Male,Philippines,Media Manager III
329,Durand,Cosker,dcosker94@rambler.ru,Male,Poland,Registered Nurse
330,Emmeline,Yarmouth,eyarmouth95@google.co.jp,Female,Brazil,Structural Analysis Engineer
331,Sophie,Bras,sbras96@wordpress.com,Female,Georgia,Mechanical Systems Engineer
332,Fifine,Brands,fbrands97@creativecommons.org,Female,Poland,Cost Accountant
333,Taffy,Vedenisov,tvedenisov98@about.me,Female,China,Occupational Therapist
334,Colleen,Davydenko,cdavydenko99@businessinsider.com,Female,Colombia,Librarian
335,Tybalt,Pablos,tpablos9a@privacy.gov.au,Male,Czech Republic,Design Engineer
336,Heidie,Parken,hparken9b@example.com,Female,Indonesia,Nurse
337,Rochella,Quantick,rquantick9c@amazonaws.com,Agender,China,Statistician II
338,Gregory,Stampfer,gstampfer9d@icq.com,Male,Madagascar,Community Outreach Specialist
339,Hilary,Sloper,hsloper9e@vkontakte.ru,Male,Philippines,Occupational Therapist
340,Matty,Coppo,mcoppo9f@wix.com,Female,Czech Republic,Budget/Accounting Analyst IV
341,Mallory,Albiston,malbiston9g@samsung.com,Male,Iran,Pharmacist
342,Waneta,Wilbud,wwilbud9h@ycombinator.com,Female,China,Speech Pathologist
343,Basil,Backsal,bbacksal9i@facebook.com,Male,Indonesia,Health Coach III
344,Steven,Saing,ssaing9j@noaa.gov,Male,Indonesia,Librarian
345,Ches,Meade,cmeade9k@ucla.edu,Male,Netherlands,Human Resources Assistant II
346,Rosco,Woodyear,rwoodyear9l@techcrunch.com,Male,Japan,Information Systems Manager
347,Thadeus,Girsch,tgirsch9m@wordpress.org,Male,Philippines,Marketing Manager
348,Shay,Venable,svenable9n@paginegialle.it,Male,Myanmar,Nurse
349,Georgeanne,O'Henecan,gohenecan9o@wikimedia.org,Female,Canada,Budget/Accounting Analyst I
350,Delaney,Matzke,dmatzke9p@weibo.com,Genderqueer,Sweden,Help Desk Operator
351,Sybil,Stockall,sstockall9q@jigsy.com,Female,Germany,Associate Professor
352,Gwenny,Brownsell,gbrownsell9r@dmoz.org,Female,Brazil,Paralegal
353,Inez,Wince,iwince9s@yolasite.com,Female,Ecuador,Clinical Specialist
354,Lucille,Freak,lfreak9t@istockphoto.com,Female,Portugal,Developer II
355,Christian,Kenaway,ckenaway9u@indiatimes.com,Polygender,Netherlands,Pharmacist
356,Veradis,Yexley,vyexley9v@uol.com.br,Female,Mongolia,Registered Nurse
357,Sandro,Peeke,speeke9w@twitpic.com,Male,Indonesia,Speech Pathologist
358,Salmon,Dyball,sdyball9x@smugmug.com,Male,China,Safety Technician IV
359,Pepi,Code,pcode9y@facebook.com,Female,China,Web Designer I
360,Roley,Bohlje,rbohlje9z@cornell.edu,Male,Russia,Cost Accountant
361,Madison,Meriet,mmerieta0@ft.com,Male,Bangladesh,Senior Quality Engineer
362,Ruthy,Angless,ranglessa1@ycombinator.com,Female,Philippines,Senior Developer
363,Pepito,Duly,pdulya2@unc.edu,Male,China,Tax Accountant
364,Nicko,Ottee,notteea3@scientificamerican.com,Male,Russia,Financial Advisor
365,Janeta,Pinard,jpinarda4@pbs.org,Female,Russia,Director of Sales
366,Aubree,Crowcombe,acrowcombea5@ow.ly,Female,Poland,Senior Developer
367,Alaster,Swafford,aswafforda6@shinystat.com,Male,Portugal,Administrative Officer
368,Allegra,Thatcher,athatchera7@hibu.com,Female,Russia,Staff Scientist
369,Nate,Gwyneth,ngwynetha8@chicagotribune.com,Agender,Burkina Faso,Assistant Professor
370,Norrie,Cready,ncreadya9@edublogs.org,Female,Russia,Administrative Assistant II
371,Katharyn,Capini,kcapiniaa@epa.gov,Female,Belarus,Human Resources Manager
372,Swen,Grzes,sgrzesab@flickr.com,Male,Thailand,Community Outreach Specialist
373,Drusilla,Pancast,dpancastac@symantec.com,Female,China,Engineer I
374,Briny,Blunderfield,bblunderfieldad@networksolutions.com,Female,China,Community Outreach Specialist
375,Gill,Weigh,gweighae@issuu.com,Male,Cambodia,Budget/Accounting Analyst II
376,Waneta,Mulran,wmulranaf@dyndns.org,Female,Ukraine,Business Systems Development Analyst
377,Renault,Daelman,rdaelmanag@nymag.com,Genderfluid,Portugal,Senior Sales Associate
378,Spence,Elwell,selwellah@about.me,Male,China,Developer IV
379,Hussein,Seely,hseelyai@springer.com,Genderqueer,Sweden,VP Quality Control
380,Belle,Casarino,bcasarinoaj@jugem.jp,Female,Russia,Director of Sales
381,Monah,McCane,mmccaneak@jiathis.com,Female,China,Media Manager II
382,Sharona,Janouch,sjanouchal@lulu.com,Female,Russia,GIS Technical Architect
383,Rochell,Wilacot,rwilacotam@nasa.gov,Female,Indonesia,Account Executive
384,Andy,Akid,aakidan@t.co,Male,Philippines,Speech Pathologist
385,Christan,Petru,cpetruao@soundcloud.com,Female,Portugal,Software Test Engineer II
386,Joshia,Obbard,jobbardap@google.com.br,Male,Thailand,VP Quality Control
387,Kelbee,Genge,kgengeaq@drupal.org,Male,Philippines,Product Engineer
388,Traver,Scapelhorn,tscapelhornar@tripadvisor.com,Male,Honduras,Assistant Manager
389,Jacquenette,Tommeo,jtommeoas@example.com,Agender,Nigeria,Legal Assistant
390,Beale,Waywell,bwaywellat@berkeley.edu,Male,Indonesia,Web Designer IV
391,Lorri,Lindell,llindellau@istockphoto.com,Female,China,Accounting Assistant II
392,Zolly,Biskupski,zbiskupskiav@marriott.com,Male,China,Senior Quality Engineer
393,Cristy,Lukovic,clukovicaw@163.com,Female,Indonesia,Account Representative II
394,Lazarus,Saltrese,lsaltreseax@tmall.com,Male,Thailand,Associate Professor
395,Kare,Pitcaithly,kpitcaithlyay@alexa.com,Female,China,Chief Design Engineer
396,Arabelle,Gallon,agallonaz@omniture.com,Female,Liechtenstein,Marketing Manager
397,Reggy,Blacklidge,rblacklidgeb0@example.com,Male,China,Staff Scientist
398,Arnie,Ballston,aballstonb1@webeden.co.uk,Male,Indonesia,Tax Accountant
399,Florenza,Prendergrast,fprendergrastb2@istockphoto.com,Female,Belarus,Research Nurse
400,Wolfy,Bannell,wbannellb3@hibu.com,Male,Brazil,Data Coordinator
401,Filide,Drews,fdrewsb4@kickstarter.com,Female,Brazil,Teacher
402,Christean,Arends,carendsb5@cmu.edu,Female,Indonesia,Human Resources Assistant I
403,Davin,Smallwood,dsmallwoodb6@foxnews.com,Male,China,Database Administrator II
404,Garry,Zannotelli,gzannotellib7@europa.eu,Male,Indonesia,Account Executive
405,Ricardo,Barosch,rbaroschb8@fc2.com,Male,Portugal,Recruiting Manager
406,Allissa,Hugh,ahughb9@kickstarter.com,Female,China,Geologist III
407,Annabell,Sumnall,asumnallba@rediff.com,Genderfluid,Belize,Chemical Engineer
408,Rozina,Sherar,rsherarbb@scribd.com,Female,Iran,Senior Quality Engineer
409,Wolfy,Gosneye,wgosneyebc@google.it,Bigender,China,Geological Engineer
410,Raoul,Abrahamsen,rabrahamsenbd@sourceforge.net,Male,China,Internal Auditor
411,Wyatt,Twitchings,wtwitchingsbe@google.ru,Male,Kazakhstan,Biostatistician IV
412,Dorian,Standen,dstandenbf@rediff.com,Female,Philippines,Statistician I
413,Minny,McQuorkell,mmcquorkellbg@deviantart.com,Female,Ukraine,Quality Control Specialist
414,Madelene,Beinke,mbeinkebh@indiatimes.com,Female,Guatemala,Tax Accountant
415,Genevra,Jozef,gjozefbi@illinois.edu,Female,China,Technical Writer
416,Brnaba,Farherty,bfarhertybj@un.org,Male,Madagascar,Speech Pathologist
417,Joya,Conlaund,jconlaundbk@slate.com,Female,Sweden,Quality Engineer
418,Sileas,Yanin,syaninbl@wp.com,Female,Portugal,Electrical Engineer
419,Lorena,Cullnean,lcullneanbm@goodreads.com,Female,China,Editor
420,Stanislaw,Jacquot,sjacquotbn@sciencedirect.com,Male,Thailand,Compensation Analyst
421,Cori,Ricardou,cricardoubo@harvard.edu,Male,Cameroon,Director of Sales
422,Woodrow,Lantiff,wlantiffbp@symantec.com,Male,France,Developer III
423,Aylmer,Congrave,acongravebq@ebay.com,Male,Brazil,Desktop Support Technician
424,Cesaro,Chevins,cchevinsbr@blogtalkradio.com,Male,Iraq,Human Resources Assistant III
425,Egon,Wasselin,ewasselinbs@prlog.org,Male,Brazil,Senior Developer
426,Robbie,Strudwick,rstrudwickbt@studiopress.com,Female,United States,Geologist III
427,Silvanus,Mahedy,smahedybu@discuz.net,Genderqueer,Dominican Republic,Associate Professor
428,Jdavie,Franc,jfrancbv@umn.edu,Male,United States,Financial Advisor
429,Halli,Creek,hcreekbw@t.co,Female,Philippines,VP Accounting
430,Lefty,Jerwood,ljerwoodbx@un.org,Male,Argentina,Web Developer III
431,Arline,Bladen,abladenby@livejournal.com,Female,Czech Republic,Quality Control Specialist
432,Alvan,Rathke,arathkebz@xing.com,Male,Pakistan,Editor
433,Sherill,Penchen,spenchenc0@seattletimes.com,Female,Canada,Assistant Professor
434,Benedetto,Gozney,bgozneyc1@weather.com,Male,Croatia,Registered Nurse
435,Tricia,Butterwick,tbutterwickc2@godaddy.com,Female,Italy,Registered Nurse
436,Queenie,Edmundson,qedmundsonc3@1688.com,Female,Portugal,Research Associate
437,Zahara,Earley,zearleyc4@salon.com,Female,Angola,Senior Editor
438,Anita,Relton,areltonc5@aol.com,Female,Syria,Financial Analyst
439,Eloise,Caws,ecawsc6@hc360.com,Female,Poland,Physical Therapy Assistant
440,Pepillo,Deason,pdeasonc7@theglobeandmail.com,Male,Turkmenistan,Desktop Support Technician
441,Dall,Blaycock,dblaycockc8@bbb.org,Male,Indonesia,Assistant Media Planner
442,Red,Fone,rfonec9@netvibes.com,Male,Morocco,Accounting Assistant III
443,Eb,Larway,elarwayca@mail.ru,Male,Indonesia,VP Product Management
444,Standford,Howorth,showorthcb@nih.gov,Male,Philippines,Physical Therapy Assistant
445,Trish,Joly,tjolycc@simplemachines.org,Female,Brazil,Account Representative I
446,Nobie,Raffin,nraffincd@booking.com,Male,Thailand,Design Engineer
447,Clevey,Lundberg,clundbergce@msn.com,Male,Indonesia,Structural Analysis Engineer
448,Aggy,Dimmick,adimmickcf@businessinsider.com,Female,Poland,Design Engineer
449,Ab,Phlippi,aphlippicg@fema.gov,Male,Albania,Registered Nurse
450,Henrietta,Chattock,hchattockch@springer.com,Female,Aland Islands,Legal Assistant
451,Natale,de Quesne,ndequesneci@vkontakte.ru,Male,Japan,Systems Administrator III
452,Noami,Claricoates,nclaricoatescj@example.com,Female,Liberia,Analyst Programmer
453,Marlane,Stobbart,mstobbartck@so-net.ne.jp,Polygender,Mexico,Occupational Therapist
454,Reilly,Atthow,ratthowcl@howstuffworks.com,Male,Indonesia,Tax Accountant
455,Sigismund,Bridgen,sbridgencm@ted.com,Male,China,VP Sales
456,Emogene,Fery,eferycn@technorati.com,Female,Philippines,Sales Representative
457,Clio,Stanlock,cstanlockco@globo.com,Female,Iran,Account Executive
458,Cherise,Koeppke,ckoeppkecp@mac.com,Female,Indonesia,Project Manager
459,Burtie,Gretton,bgrettoncq@nationalgeographic.com,Male,China,Clinical Specialist
460,Drake,Guinery,dguinerycr@bigcartel.com,Genderqueer,Japan,Human Resources Manager
461,Husein,Truman,htrumancs@alexa.com,Male,China,Editor
462,Agnola,Polycote,apolycotect@t.co,Female,Indonesia,Product Engineer
463,Olenolin,Strettle,ostrettlecu@sphinn.com,Polygender,Indonesia,Staff Scientist
464,Lainey,Colenutt,lcolenuttcv@loc.gov,Female,China,Assistant Media Planner
465,Jacques,Schwander,jschwandercw@wikimedia.org,Male,China,Pharmacist
466,Audre,Toffalo,atoffalocx@addthis.com,Female,Russia,VP Marketing
467,Iseabal,Brockhouse,ibrockhousecy@hugedomains.com,Female,China,Health Coach I
468,Beilul,Dongate,bdongatecz@dagondesign.com,Female,Paraguay,Statistician IV
469,Leonard,Pead,lpeadd0@cnet.com,Male,Mayotte,Budget/Accounting Analyst III
470,Julian,Jordi,jjordid1@tripadvisor.com,Male,Jamaica,Research Nurse
471,Brigg,Broggetti,bbroggettid2@wordpress.com,Male,Japan,Financial Analyst
472,Melanie,Spillard,mspillardd3@cornell.edu,Female,Indonesia,Accountant IV
473,Kahaleel,Dyster,kdysterd4@virginia.edu,Male,China,Recruiting Manager
474,Nanon,Anthona,nanthonad5@smugmug.com,Polygender,Finland,Professor
475,Josefina,Cornilleau,jcornilleaud6@whitehouse.gov,Female,Ukraine,Structural Engineer
476,Ronald,Capron,rcaprond7@zimbio.com,Male,China,Computer Systems Analyst IV
477,Crin,Scouller,cscoullerd8@nbcnews.com,Genderfluid,El Salvador,Administrative Officer
478,Marisa,Coultous,mcoultousd9@squarespace.com,Female,Sweden,Sales Representative
479,Prudy,Caldwall,pcaldwallda@networkadvertising.org,Female,Indonesia,Information Systems Manager
480,Hayyim,Starr,hstarrdb@dailymotion.com,Male,Nigeria,Research Nurse
481,Andreas,Brazil,abrazildc@hostgator.com,Agender,Indonesia,Graphic Designer
482,Chelsy,McCahill,cmccahilldd@huffingtonpost.com,Female,France,Account Representative II
483,Kylynn,Cundey,kcundeyde@linkedin.com,Female,Philippines,Junior Executive
484,Elspeth,Pay,epaydf@wufoo.com,Female,Portugal,Editor
485,Halimeda,Garron,hgarrondg@altervista.org,Female,China,Analyst Programmer
486,Yorker,Steanson,ysteansondh@webmd.com,Male,Canada,Product Engineer
487,Helge,Vinnick,hvinnickdi@cdc.gov,Female,Russia,Structural Analysis Engineer
488,Jeremiah,Dalli,jdallidj@mayoclinic.com,Male,Argentina,Geological Engineer
489,Keelia,Boschmann,kboschmanndk@un.org,Female,Indonesia,Programmer Analyst IV
490,Tildy,Bletso,tbletsodl@admin.ch,Genderfluid,Brazil,Nurse
491,Waldon,Stiegar,wstiegardm@csmonitor.com,Male,China,Analog Circuit Design manager
492,Dian,Lyle,dlyledn@mail.ru,Female,Canada,Accountant II
493,Gaylord,Kinchington,gkinchingtondo@skyrock.com,Male,Italy,Accountant IV
494,Melisenda,Heindl,mheindldp@4shared.com,Female,Thailand,Programmer III
495,Joanna,Benting,jbentingdq@amazon.de,Non-binary,Japan,Executive Secretary
496,Stacy,Copo,scopodr@nba.com,Male,Thailand,Dental Hygienist
497,Malory,Leveritt,mleverittds@twitter.com,Female,United States,Analog Circuit Design manager
498,Zola,Fullom,zfullomdt@google.it,Female,Egypt,Civil Engineer
499,Curt,Huddles,chuddlesdu@fda.gov,Male,Portugal,Civil Engineer
500,Konstantin,Winckles,kwincklesdv@wikimedia.org,Male,Russia,Mechanical Systems Engineer
501,Edmund,Stachini,estachinidw@senate.gov,Male,Peru,Environmental Tech
502,Irv,Rowat,irowatdx@soup.io,Genderfluid,Peru,Senior Editor
503,Stuart,Duran,sdurandy@goo.gl,Male,Czech Republic,Paralegal
504,Claudian,McNeillie,cmcneilliedz@toplist.cz,Male,Cambodia,Product Engineer
505,Khalil,Scala,kscalae0@is.gd,Male,Azerbaijan,Analog Circuit Design manager
506,Llywellyn,Church,lchurche1@hostgator.com,Male,Argentina,Junior Executive
507,Marci,Verbrugghen,mverbrugghene2@eventbrite.com,Female,Greece,VP Marketing
508,Fletch,Liebmann,fliebmanne3@ucoz.com,Male,Czech Republic,Environmental Tech
509,Conny,Franiak,cfraniake4@dell.com,Female,United States,Account Coordinator
510,Claudell,Inglefield,cinglefielde5@mapy.cz,Male,Germany,Database Administrator I
511,Jason,Yurkiewicz,jyurkiewicze6@nps.gov,Male,China,Pharmacist
512,Dena,Mullane,dmullanee7@flavors.me,Female,Indonesia,Geologist II
513,Coralyn,Borgnol,cborgnole8@wix.com,Female,France,Web Designer I
514,Harvey,Atwood,hatwoode9@accuweather.com,Genderqueer,Brazil,Human Resources Assistant II
515,Blinni,Dunrige,bdunrigeea@google.com.au,Female,Portugal,Design Engineer
516,Hatty,Cocke,hcockeeb@nsw.gov.au,Female,North Korea,General Manager
517,Andrei,Simonyi,asimonyiec@linkedin.com,Female,China,Help Desk Technician
518,Augusto,Labrom,alabromed@ibm.com,Agender,Philippines,Cost Accountant
519,Katalin,Motherwell,kmotherwellee@miitbeian.gov.cn,Female,France,Technical Writer
520,Estevan,Hellyar,ehellyaref@oracle.com,Male,Indonesia,Developer III
521,Iorgos,Sorensen,isorenseneg@cam.ac.uk,Male,South Korea,VP Marketing
522,Alys,Cobbald,acobbaldeh@disqus.com,Female,Russia,Account Representative I
523,Kiersten,Librey,klibreyei@buzzfeed.com,Female,New Zealand,Biostatistician II
524,Denise,Marchington,dmarchingtonej@shop-pro.jp,Female,Philippines,Food Chemist
525,Latashia,Quiddington,lquiddingtonek@boston.com,Female,Dominican Republic,Administrative Assistant IV
526,Lizette,Sonner,lsonnerel@webeden.co.uk,Female,Russia,Senior Cost Accountant
527,Donall,Bedell,dbedellem@vistaprint.com,Male,Indonesia,Paralegal
528,Henrie,Walas,hwalasen@ucoz.com,Female,Chad,Account Executive
529,Jobi,Vampouille,jvampouilleeo@sohu.com,Female,Portugal,Actuary
530,Letizia,Algate,lalgateep@homestead.com,Female,Canada,Senior Sales Associate
531,Babbette,Abson,babsoneq@slideshare.net,Female,Colombia,Professor
532,Diandra,Drissell,ddrisseller@admin.ch,Female,Peru,Geologist II
533,John,Glennie,jglenniees@google.it,Male,Russia,Programmer I
534,Cesya,Wyd,cwydet@latimes.com,Female,United States,Geological Engineer
535,Verney,Lunck,vlunckeu@is.gd,Non-binary,Russia,Director of Sales
536,Brien,Ber,bberev@webnode.com,Male,Japan,Geological Engineer
537,Briana,Alston,balstonew@hibu.com,Non-binary,Colombia,VP Marketing
538,Lissie,Malkinson,lmalkinsonex@arizona.edu,Female,France,Associate Professor
539,Creight,Rozanski,crozanskiey@nifty.com,Genderqueer,Peru,Developer IV
540,Issy,Cramphorn,icramphornez@google.pl,Female,Indonesia,Office Assistant I
541,Reider,Gerant,rgerantf0@apache.org,Male,Thailand,VP Quality Control
542,Sigfrid,Grimston,sgrimstonf1@theguardian.com,Male,Poland,Speech Pathologist
543,Loren,Longfut,llongfutf2@cargocollective.com,Male,Colombia,Web Designer I
544,Jabez,Spring,jspringf3@abc.net.au,Male,Norway,Teacher
545,Bogey,McCutcheon,bmccutcheonf4@google.it,Male,China,Associate Professor
546,Codi,Crewdson,ccrewdsonf5@usnews.com,Male,Colombia,Mechanical Systems Engineer
547,Devland,Lindman,dlindmanf6@independent.co.uk,Male,Germany,Accounting Assistant I
548,Kimmie,Dogg,kdoggf7@dailymail.co.uk,Female,Portugal,VP Sales
549,Kenn,Anfusso,kanfussof8@amazon.de,Male,France,Professor
550,Randie,Newman,rnewmanf9@google.nl,Male,Philippines,Geologist I
551,Malvina,Bonelle,mbonellefa@unicef.org,Female,China,Editor
552,Sherill,Yuryaev,syuryaevfb@npr.org,Female,China,Senior Developer
553,Merrel,Baden,mbadenfc@ameblo.jp,Male,Slovenia,Accountant IV
554,Karlee,Lawry,klawryfd@1und1.de,Female,China,Marketing Manager
555,Britta,Jalland,bjallandfe@princeton.edu,Female,Netherlands,Human Resources Manager
556,May,Ducarel,mducarelff@ucla.edu,Polygender,Russia,Senior Quality Engineer
557,Yulma,Gilbane,ygilbanefg@phpbb.com,Male,China,Nurse
558,Leticia,Braidman,lbraidmanfh@digg.com,Female,Palestinian Territory,Nurse
559,Glendon,Corro,gcorrofi@tuttocitta.it,Male,Japan,Quality Engineer
560,Boot,Pirrey,bpirreyfj@example.com,Male,Kuwait,Cost Accountant
561,Nelle,Buchanan,nbuchananfk@wiley.com,Female,Poland,Recruiting Manager
562,Estella,Catlow,ecatlowfl@ebay.co.uk,Female,Costa Rica,Automation Specialist IV
563,Leone,Phillcox,lphillcoxfm@google.co.jp,Female,Bulgaria,Assistant Manager
564,Dian,Davers,ddaversfn@arizona.edu,Female,China,Administrative Assistant I
565,Keelby,Peiser,kpeiserfo@instagram.com,Male,China,Software Consultant
566,Alex,Lambertz,alambertzfp@ed.gov,Male,Thailand,Project Manager
567,Janelle,Wilcher,jwilcherfq@sun.com,Bigender,Brazil,Biostatistician II
568,Jennine,Romushkin,jromushkinfr@forbes.com,Female,Indonesia,Legal Assistant
569,Dion,Lindner,dlindnerfs@discovery.com,Male,New Zealand,Financial Analyst
570,Dena,Camoys,dcamoysft@vk.com,Female,South Africa,Dental Hygienist
571,Odele,Bake,obakefu@howstuffworks.com,Genderqueer,Croatia,Desktop Support Technician
572,Gustavus,Giorgetti,ggiorgettifv@qq.com,Bigender,Yemen,Marketing Assistant
573,Hilliard,Menzies,hmenziesfw@icq.com,Male,Indonesia,Recruiting Manager
574,Anthony,Colquhoun,acolquhounfx@nifty.com,Male,China,Web Designer II
575,Myrwyn,Melsome,mmelsomefy@wisc.edu,Agender,Equatorial Guinea,Tax Accountant
576,Pierce,Fritter,pfritterfz@flavors.me,Male,China,Biostatistician II
577,Laurice,Haistwell,lhaistwellg0@friendfeed.com,Female,Bulgaria,Registered Nurse
578,Marcellus,Trayling,mtraylingg1@list-manage.com,Male,Philippines,Automation Specialist III
579,Arly,Bultitude,abultitudeg2@123-reg.co.uk,Female,France,Staff Scientist
580,Hartley,Gavaghan,hgavaghang3@admin.ch,Male,Bolivia,Editor
581,Koral,Birth,kbirthg4@amazon.com,Female,Kenya,Staff Scientist
582,Redford,Gooderson,rgoodersong5@sphinn.com,Male,Dominican Republic,Automation Specialist I
583,Lombard,Sesser,lsesserg6@nba.com,Male,Indonesia,Paralegal
584,Roberta,de Clerc,rdeclercg7@51.la,Female,Indonesia,Librarian
585,Norine,Carlson,ncarlsong8@free.fr,Female,Peru,Systems Administrator I
586,Lynnea,Izat,lizatg9@ask.com,Female,Indonesia,Recruiter
587,Hyman,Barber,hbarberga@moonfruit.com,Male,Mexico,Database Administrator III
588,Simmonds,Pickover,spickovergb@arizona.edu,Male,China,VP Marketing
589,Roarke,Bexon,rbexongc@is.gd,Male,Philippines,Accounting Assistant IV
590,Jeni,Meggison,jmeggisongd@ifeng.com,Female,Pakistan,Research Nurse
591,Bartlet,Cawsy,bcawsyge@oracle.com,Male,France,Budget/Accounting Analyst IV
592,Bryce,Lacy,blacygf@cdbaby.com,Male,Vietnam,Computer Systems Analyst IV
593,Gustavo,Millsap,gmillsapgg@elegantthemes.com,Male,Indonesia,Physical Therapy Assistant
594,Mateo,De Gregoli,mdegregoligh@uol.com.br,Male,Bulgaria,Chief Design Engineer
595,Hurlee,Giacopetti,hgiacopettigi@symantec.com,Non-binary,China,Administrative Officer
596,Bee,Jurs,bjursgj@microsoft.com,Genderqueer,Russia,Computer Systems Analyst IV
597,Nilson,Packman,npackmangk@biblegateway.com,Male,China,Nurse
598,Trudy,Vasquez,tvasquezgl@posterous.com,Female,Indonesia,Librarian
599,Susette,Dolder,sdoldergm@simplemachines.org,Female,China,Dental Hygienist
600,Westley,McCrisken,wmccriskengn@ebay.co.uk,Male,China,Administrative Officer
601,Roxanne,Leele,rleelego@amazon.de,Female,Philippines,VP Accounting
602,Rog,Glavias,rglaviasgp@sourceforge.net,Male,Philippines,Financial Analyst
603,Karil,Weerdenburg,kweerdenburggq@weather.com,Female,Philippines,Programmer II
604,Jane,Oakenfull,joakenfullgr@sitemeter.com,Female,Portugal,Dental Hygienist
605,Brendon,Spriddle,bspriddlegs@globo.com,Male,France,Statistician II
606,Filberte,Gerok,fgerokgt@wordpress.com,Male,China,Database Administrator III
607,Frank,Server,fservergu@lulu.com,Genderfluid,Russia,Structural Engineer
608,Angelo,Gaudin,agaudingv@forbes.com,Male,Malaysia,Health Coach I
609,Warden,Mularkey,wmularkeygw@multiply.com,Male,Indonesia,Account Representative I
610,Bernadette,Lakeman,blakemangx@answers.com,Female,Poland,Media Manager II
611,Hayyim,Manske,hmanskegy@ftc.gov,Male,Russia,Graphic Designer
612,Udell,Loughhead,uloughheadgz@creativecommons.org,Male,China,Web Developer III
613,Hana,Tolworth,htolworthh0@dyndns.org,Female,France,Help Desk Technician
614,Buck,Bohike,bbohikeh1@ftc.gov,Male,Japan,Research Nurse
615,Brook,Bahde,bbahdeh2@newyorker.com,Bigender,Bulgaria,Data Coordinator
616,Miner,Hurling,mhurlingh3@rediff.com,Male,China,Web Developer IV
617,Caron,Cainey,ccaineyh4@multiply.com,Female,Mexico,Staff Accountant I
618,Francine,Edgler,fedglerh5@csmonitor.com,Female,Philippines,Media Manager III
619,Dickie,Vamplus,dvamplush6@baidu.com,Male,Finland,Clinical Specialist
620,Gerard,Addams,gaddamsh7@eventbrite.com,Agender,Ethiopia,Help Desk Technician
621,Adolph,Yaknov,ayaknovh8@360.cn,Male,Sweden,Help Desk Technician
622,Gardiner,Knowlton,gknowltonh9@cnet.com,Male,China,Account Executive
623,Art,Gilmour,agilmourha@ocn.ne.jp,Male,Philippines,Assistant Media Planner
624,Randie,Legge,rleggehb@tmall.com,Male,Cuba,Analog Circuit Design manager
625,Trude,Hatherley,thatherleyhc@google.cn,Female,Argentina,Systems Administrator I
626,Patrizius,Jellybrand,pjellybrandhd@nyu.edu,Male,Portugal,Internal Auditor
627,Angelico,Roscher,aroscherhe@lulu.com,Male,France,VP Sales
628,Aridatha,Rubi,arubihf@g.co,Female,Argentina,VP Product Management
629,Brandyn,Wilstead,bwilsteadhg@arizona.edu,Male,France,Recruiter
630,Rubina,Tytherton,rtythertonhh@geocities.jp,Female,United States,Marketing Assistant
631,Waly,Caen,wcaenhi@indiegogo.com,Female,Indonesia,Senior Financial Analyst
632,Ernie,Ovise,eovisehj@ucoz.ru,Male,Indonesia,Junior Executive
633,Giorgia,Fears,gfearshk@sourceforge.net,Female,Brazil,Librarian
634,Henrieta,Kobierzycki,hkobierzyckihl@a8.net,Genderqueer,Brazil,Business Systems Development Analyst
635,Sherill,Merck,smerckhm@cyberchimps.com,Female,France,Recruiting Manager
636,Cesare,Carrier,ccarrierhn@washingtonpost.com,Male,Portugal,Staff Scientist
637,Hersch,Dowty,hdowtyho@narod.ru,Male,China,VP Product Management
638,Ned,Belone,nbelonehp@usa.gov,Male,Russia,VP Product Management
639,Charlton,McBlain,cmcblainhq@abc.net.au,Male,China,Account Executive
640,Dare,Jeens,djeenshr@dailymotion.com,Male,Ethiopia,Internal Auditor
641,Elihu,Skill,eskillhs@people.com.cn,Male,Colombia,Account Coordinator
642,Hastings,Giacubo,hgiacuboht@pagesperso-orange.fr,Male,Russia,Environmental Specialist
643,Karilynn,Figgen,kfiggenhu@theguardian.com,Female,France,Cost Accountant
644,Carly,Boldt,cboldthv@godaddy.com,Male,Croatia,Environmental Specialist
645,Jordan,Stapforth,jstapforthhw@mozilla.com,Male,Saudi Arabia,Help Desk Operator
646,Ches,Skilbeck,cskilbeckhx@aboutads.info,Polygender,China,Compensation Analyst
647,Yvon,Dwelly,ydwellyhy@boston.com,Male,Philippines,Financial Analyst
648,Selestina,Riddich,sriddichhz@nhs.uk,Female,Peru,Tax Accountant
649,Leta,Tayloe,ltayloei0@oaic.gov.au,Female,Philippines,Junior Executive
650,Madeleine,Cheater,mcheateri1@rakuten.co.jp,Female,Canada,Sales Associate
651,Winna,Rome,wromei2@wsj.com,Genderqueer,Latvia,Nurse
652,Ganny,Stuchberry,gstuchberryi3@go.com,Male,Japan,Systems Administrator II
653,Sharity,St Ange,sstangei4@com.com,Female,French Polynesia,Financial Advisor
654,Fremont,Garlinge,fgarlingei5@google.com.au,Male,Canada,Speech Pathologist
655,Fidela,Mayman,fmaymani6@vkontakte.ru,Female,China,Software Engineer I
656,Dagmar,Beavis,dbeavisi7@storify.com,Female,Indonesia,Assistant Media Planner
657,Scot,Hoodlass,shoodlassi8@theguardian.com,Male,Ukraine,Chemical Engineer
658,Barbabra,Borsnall,bborsnalli9@shop-pro.jp,Female,Brazil,Geological Engineer
659,Clyde,Amorts,camortsia@sciencedirect.com,Male,Japan,VP Product Management
660,Kylie,Hefferan,khefferanib@ihg.com,Male,China,Account Executive
661,Matty,Olivera,moliveraic@craigslist.org,Male,China,Structural Engineer
662,Ardra,Chedgey,achedgeyid@nationalgeographic.com,Female,Finland,Staff Scientist
663,Binny,Radclyffe,bradclyffeie@hhs.gov,Female,China,Environmental Specialist
664,Garik,Breese,gbreeseif@bandcamp.com,Male,China,Account Executive
665,Othelia,Cardenas,ocardenasig@networksolutions.com,Female,Brazil,Health Coach IV
666,Nealy,Dominichelli,ndominichelliih@ocn.ne.jp,Male,China,Assistant Professor
667,Midge,Cansdill,mcansdillii@dmoz.org,Female,Indonesia,Nurse
668,Rosella,Iglesiaz,riglesiazij@multiply.com,Female,Indonesia,Senior Quality Engineer
669,Collen,Natte,cnatteik@ebay.co.uk,Female,Greece,Nurse
670,Erinn,Skakunas,eskakunasil@hubpages.com,Female,Japan,Electrical Engineer
671,Smith,Woodrooffe,swoodrooffeim@weibo.com,Male,China,General Manager
672,Griffith,Last,glastin@irs.gov,Male,Russia,Dental Hygienist
673,Herrick,Brewis,hbrewisio@phoca.cz,Male,Argentina,Compensation Analyst
674,Leonora,Crosskill,lcrosskillip@sina.com.cn,Female,Argentina,Analyst Programmer
675,Selie,Liverock,sliverockiq@ifeng.com,Female,Germany,Staff Accountant III
676,Eleonora,Abys,eabysir@ow.ly,Female,Pakistan,Programmer I
677,Rose,Tales,rtalesis@statcounter.com,Female,New Zealand,Computer Systems Analyst II
678,Mead,Geerdts,mgeerdtsit@qq.com,Female,Ivory Coast,Quality Control Specialist
679,Ruthann,Emor,remoriu@google.com,Female,China,Graphic Designer
680,Daphne,Bellsham,dbellshamiv@liveinternet.ru,Female,Poland,VP Accounting
681,Reece,Whyte,rwhyteiw@amazon.com,Male,China,Pharmacist
682,Bria,Heibel,bheibelix@paypal.com,Female,China,Web Designer II
683,Jacki,Kees,jkeesiy@un.org,Female,Thailand,Chief Design Engineer
684,Arthur,Cluley,acluleyiz@pagesperso-orange.fr,Male,Czech Republic,VP Accounting
685,Gordy,Hinkens,ghinkensj0@ucoz.com,Male,Russia,Health Coach III
686,Alica,Dakin,adakinj1@gnu.org,Female,United States,Web Designer III
687,Darell,Baldacchino,dbaldacchinoj2@ehow.com,Female,Lithuania,Actuary
688,Eloisa,McGeneay,emcgeneayj3@walmart.com,Female,Thailand,Software Consultant
689,Witty,Willmont,wwillmontj4@scientificamerican.com,Male,Portugal,Statistician I
690,Aloysius,Farlow,afarlowj5@epa.gov,Male,Russia,Senior Financial Analyst
691,Ophelie,Gerrett,ogerrettj6@cpanel.net,Female,Russia,Marketing Manager
692,Jeanine,Priddie,jpriddiej7@kickstarter.com,Female,Mongolia,Pharmacist
693,Jemimah,Brandrick,jbrandrickj8@blogtalkradio.com,Female,Germany,Web Designer I
694,Lamond,Scoles,lscolesj9@php.net,Male,Croatia,Compensation Analyst
695,Fons,Kenworthy,fkenworthyja@ifeng.com,Male,South Africa,Associate Professor
696,Judith,Ledgister,jledgisterjb@arstechnica.com,Female,Finland,Account Representative I
697,Beulah,Brikner,bbriknerjc@yellowbook.com,Female,Indonesia,Media Manager III
698,Matty,Treend,mtreendjd@freewebs.com,Male,Czech Republic,Mechanical Systems Engineer
699,Marilee,Gullis,mgullisje@oaic.gov.au,Female,Philippines,Marketing Manager
700,Win,Dransfield,wdransfieldjf@artisteer.com,Non-binary,Philippines,Associate Professor
701,Gerik,Shillabeare,gshillabearejg@archive.org,Male,Finland,Web Designer I
702,Geri,Tabert,gtabertjh@domainmarket.com,Male,Colombia,Business Systems Development Analyst
703,Mayer,Sirman,msirmanji@blog.com,Male,China,Product Engineer
704,Ham,Bortol,hbortoljj@livejournal.com,Male,China,VP Accounting
705,Celie,Tweedlie,ctweedliejk@vk.com,Female,Serbia,Junior Executive
706,Fannie,Rickarsey,frickarseyjl@elegantthemes.com,Female,Luxembourg,Engineer IV
707,Mathilde,Ludwig,mludwigjm@wikispaces.com,Genderqueer,Serbia,Product Engineer
708,Price,Noquet,pnoquetjn@vk.com,Male,Russia,Executive Secretary
709,Maximilianus,Lampaert,mlampaertjo@dot.gov,Male,Peru,Chemical Engineer
710,Giavani,Adamski,gadamskijp@imgur.com,Genderfluid,China,Editor
711,Meghan,Slesser,mslesserjq@chicagotribune.com,Agender,Russia,Developer III
712,Tonie,Brandi,tbrandijr@mozilla.org,Female,Russia,Budget/Accounting Analyst IV
713,Iggie,Thompsett,ithompsettjs@naver.com,Male,Brazil,Computer Systems Analyst I
714,Billy,Agnew,bagnewjt@lulu.com,Female,Portugal,Graphic Designer
715,Kalle,Buyers,kbuyersju@networkadvertising.org,Male,France,Environmental Specialist
716,Curry,Gianolo,cgianolojv@i2i.jp,Male,Japan,Geological Engineer
717,Cloris,Lode,clodejw@wisc.edu,Female,Zambia,Nuclear Power Engineer
718,Adele,Guthrie,aguthriejx@stanford.edu,Female,Nepal,Account Coordinator
719,Jewel,Romushkin,jromushkinjy@wikipedia.org,Female,Indonesia,Assistant Manager
720,Sidney,MacKerley,smackerleyjz@dion.ne.jp,Male,Russia,Chemical Engineer
721,Clea,Hradsky,chradskyk0@blogs.com,Female,China,Paralegal
722,Josey,Strutz,jstrutzk1@nymag.com,Female,China,Occupational Therapist
723,Dina,Hanwright,dhanwrightk2@europa.eu,Female,China,Structural Engineer
724,Jordain,Melladew,jmelladewk3@netlog.com,Female,Argentina,Operator
725,Myrna,Monnelly,mmonnellyk4@cdc.gov,Female,Russia,Account Coordinator
726,Corrie,Howkins,chowkinsk5@google.com.hk,Female,Philippines,Web Developer I
727,Gothart,Wegener,gwegenerk6@seesaa.net,Male,Bulgaria,Dental Hygienist
728,Brnaba,Gealy,bgealyk7@bbb.org,Male,Russia,Senior Developer
729,Norry,Boxill,nboxillk8@dagondesign.com,Female,China,Mechanical Systems Engineer
730,Shane,McGeaney,smcgeaneyk9@upenn.edu,Male,Indonesia,Software Consultant
731,Aliza,Slayford,aslayfordka@clickbank.net,Genderqueer,Yemen,Health Coach II
732,Ambrose,Dargue,adarguekb@timesonline.co.uk,Male,Philippines,Administrative Assistant III
733,Athena,Larking,alarkingkc@sitemeter.com,Female,China,Librarian
734,Marget,Moiser,mmoiserkd@networksolutions.com,Agender,Brazil,Statistician I
735,Marlowe,Pridham,mpridhamke@engadget.com,Male,Indonesia,Desktop Support Technician
736,Bertie,Dach,bdachkf@yale.edu,Male,Brazil,Executive Secretary
737,Patsy,Fassbender,pfassbenderkg@1und1.de,Male,Russia,Analog Circuit Design manager
738,Halie,Debill,hdebillkh@purevolume.com,Female,Philippines,Senior Sales Associate
739,Luther,Wickham,lwickhamki@biglobe.ne.jp,Male,United States,Software Test Engineer I
740,Ty,Blasoni,tblasonikj@archive.org,Male,Greece,Food Chemist
741,Riccardo,Lower,rlowerkk@cam.ac.uk,Male,Philippines,Food Chemist
742,Quinlan,Balfre,qbalfrekl@marriott.com,Male,Cuba,Staff Scientist
743,Idalina,Dawbery,idawberykm@kickstarter.com,Female,Indonesia,Marketing Assistant
744,Sigismundo,Raw,srawkn@dagondesign.com,Male,China,Clinical Specialist
745,Giacinta,Mussetti,gmussettiko@squarespace.com,Female,China,Internal Auditor
746,Yank,Clinning,yclinningkp@mysql.com,Male,Indonesia,Director of Sales
747,Natala,Bucknall,nbucknallkq@privacy.gov.au,Female,Ukraine,Associate Professor
748,Rubia,Levet,rlevetkr@ihg.com,Female,Poland,Teacher
749,Rozella,Heys,rheysks@answers.com,Female,Argentina,Senior Sales Associate
750,Kip,Normadell,knormadellkt@dmoz.org,Female,Indonesia,Account Representative I
751,Bunny,Brandrick,bbrandrickku@photobucket.com,Female,Sweden,Structural Engineer
752,Edgar,Kamenar,ekamenarkv@nps.gov,Male,Ukraine,GIS Technical Architect
753,Kriste,Sipson,ksipsonkw@dagondesign.com,Female,Indonesia,Account Coordinator
754,Lorene,Tours,ltourskx@fda.gov,Female,Mongolia,VP Marketing
755,Rosamund,Muncey,rmunceyky@qq.com,Genderfluid,China,VP Marketing
756,Babara,Glandfield,bglandfieldkz@gmpg.org,Female,Norway,VP Accounting
757,Roberto,Kike,rkikel0@amazon.de,Male,Ukraine,Research Assistant III
758,Clarita,Fernandez,cfernandezl1@bloglines.com,Genderfluid,Mexico,Web Developer III
759,Nick,Proske,nproskel2@ucoz.com,Male,Slovenia,Nurse Practicioner
760,Carola,Hoys,choysl3@prnewswire.com,Polygender,Brazil,Staff Scientist
761,Borg,Cianni,bciannil4@illinois.edu,Male,Sierra Leone,Chemical Engineer
762,Genia,Saynor,gsaynorl5@tripadvisor.com,Genderfluid,Peru,Structural Engineer
763,Kristen,Dei,kdeil6@google.co.jp,Female,Central African Republic,Analog Circuit Design manager
764,Nettle,Labrenz,nlabrenzl7@unblog.fr,Female,Panama,Automation Specialist II
765,Laina,Jubb,ljubbl8@xinhuanet.com,Female,Kazakhstan,Senior Financial Analyst
766,Sydelle,Jaulme,sjaulmel9@japanpost.jp,Female,Sweden,Mechanical Systems Engineer
767,Binnie,Loch,blochla@nasa.gov,Female,France,Staff Accountant IV
768,Edna,McFater,emcfaterlb@trellian.com,Female,Thailand,Civil Engineer
769,Janaye,Janikowski,jjanikowskilc@npr.org,Female,France,Junior Executive
770,Dory,Blethin,dblethinld@macromedia.com,Female,Indonesia,Internal Auditor
771,Rubin,Storrier,rstorrierle@ox.ac.uk,Male,Ukraine,Professor
772,Hinze,Whittington,hwhittingtonlf@cdbaby.com,Male,France,Database Administrator II
773,Karine,Pickthorne,kpickthornelg@trellian.com,Female,China,Graphic Designer
774,Harv,Rentilll,hrentillllh@buzzfeed.com,Male,Armenia,Design Engineer
775,Roxy,Dwyr,rdwyrli@ucoz.ru,Non-binary,Poland,Electrical Engineer
776,Euell,Michin,emichinlj@exblog.jp,Male,Macedonia,Biostatistician IV
777,Kristine,Saltwell,ksaltwelllk@reddit.com,Female,Brazil,Health Coach III
778,Kylen,Besse,kbessell@shareasale.com,Female,Madagascar,Human Resources Assistant I
779,Sigfried,Gait,sgaitlm@howstuffworks.com,Male,Palestinian Territory,Sales Representative
780,Franchot,Berthouloume,fberthouloumeln@tiny.cc,Male,Venezuela,Operator
781,Ruddy,Yair,ryairlo@mysql.com,Non-binary,Portugal,Software Engineer I
782,Dael,Desforges,ddesforgeslp@seesaa.net,Male,Philippines,Assistant Manager
783,Loree,Spollen,lspollenlq@baidu.com,Female,Tokelau,Accounting Assistant II
784,Johnette,Kamena,jkamenalr@spotify.com,Bigender,Poland,Geological Engineer
785,Oralee,Fillis,ofillisls@un.org,Female,Indonesia,VP Marketing
786,Carolan,McGeneay,cmcgeneaylt@alexa.com,Female,Indonesia,Director of Sales
787,Rana,Claremont,rclaremontlu@howstuffworks.com,Female,Indonesia,Systems Administrator IV
788,Dorian,Lapthorn,dlapthornlv@paypal.com,Female,China,Product Engineer
789,Fredericka,Espinosa,fespinosalw@omniture.com,Female,Finland,Programmer Analyst III
790,Paco,Bearblock,pbearblocklx@aboutads.info,Male,Finland,VP Sales
791,Lars,Toope,ltoopely@theatlantic.com,Male,Czech Republic,Paralegal
792,Rawley,Lovie,rlovielz@devhub.com,Male,Philippines,Web Designer I
793,Genni,Brechin,gbrechinm0@pcworld.com,Female,Tunisia,Chemical Engineer
794,Carissa,Beran,cberanm1@eepurl.com,Female,Russia,Software Test Engineer III
795,Garwin,Switland,gswitlandm2@e-recht24.de,Male,China,Occupational Therapist
796,Ian,Corke,icorkem3@friendfeed.com,Male,Vietnam,Internal Auditor
797,Evvy,Riccardini,ericcardinim4@twitter.com,Female,Japan,Programmer III
798,Cynthea,Besnard,cbesnardm5@skype.com,Female,Nigeria,Recruiting Manager
799,Lilian,Worman,lwormanm6@tinyurl.com,Female,Ukraine,Account Coordinator
800,Zachariah,Shedd,zsheddm7@rakuten.co.jp,Male,Canada,Marketing Assistant
801,Michael,Grinnov,mgrinnovm8@ucoz.com,Male,Greece,Health Coach III
802,Jo,Christene,jchristenem9@hostgator.com,Female,China,Web Developer IV
803,Boy,Gally,bgallyma@scribd.com,Male,Indonesia,Marketing Assistant
804,Courtenay,Tomini,ctominimb@umich.edu,Female,Philippines,Environmental Tech
805,Dorie,Caville,dcavillemc@unc.edu,Female,Poland,Help Desk Technician
806,Lexis,O' Finan,lofinanmd@sourceforge.net,Female,Sweden,Staff Scientist
807,Gordan,Armatage,garmatageme@prnewswire.com,Male,Indonesia,Accounting Assistant II
808,Hortense,Froom,hfroommf@4shared.com,Female,Vietnam,Sales Associate
809,Marsh,Panton,mpantonmg@gov.uk,Male,Philippines,Web Designer III
810,Rudy,Kirkby,rkirkbymh@phpbb.com,Male,China,Internal Auditor
811,Carey,Morrel,cmorrelmi@jiathis.com,Female,Portugal,Biostatistician I
812,Moselle,O'Lunny,molunnymj@wikimedia.org,Agender,Malaysia,Data Coordinator
813,Janna,Loadwick,jloadwickmk@sciencedirect.com,Female,Sweden,VP Accounting
814,Ezmeralda,Ambresin,eambresinml@zdnet.com,Female,Argentina,Chemical Engineer
815,Westleigh,Bahlmann,wbahlmannmm@ehow.com,Male,Mexico,Data Coordinator
816,Ella,Losseljong,elosseljongmn@creativecommons.org,Genderqueer,Tanzania,Computer Systems Analyst II
817,Talyah,Crayk,tcraykmo@1688.com,Polygender,China,Senior Sales Associate
818,Loise,O'Kerin,lokerinmp@acquirethisname.com,Female,China,Financial Analyst
819,Clarie,Mancer,cmancermq@mysql.com,Female,Indonesia,Occupational Therapist
820,Allen,Napier,anapiermr@infoseek.co.jp,Male,Tajikistan,Business Systems Development Analyst
821,Mariana,Nance,mnancems@home.pl,Female,China,Developer IV
822,Abra,Miell,amiellmt@opensource.org,Female,Brazil,Nuclear Power Engineer
823,Darrick,Marmon,dmarmonmu@ca.gov,Male,China,Research Assistant III
824,Clio,Andriveau,candriveaumv@t-online.de,Polygender,Indonesia,Marketing Manager
825,Welch,Monument,wmonumentmw@slideshare.net,Male,Greece,Paralegal
826,Ulises,Figures,ufiguresmx@51.la,Male,China,Business Systems Development Analyst
827,Erny,McCord,emccordmy@salon.com,Male,Libya,Product Engineer
828,Marrilee,Lemme,mlemmemz@apache.org,Female,China,Physical Therapy Assistant
829,Ursuline,Abell,uabelln0@nih.gov,Female,Vietnam,Administrative Officer
830,Dalenna,Karpf,dkarpfn1@people.com.cn,Agender,Russia,Statistician III
831,Reinwald,MacCumiskey,rmaccumiskeyn2@hugedomains.com,Male,Colombia,Assistant Professor
832,Hort,Duchateau,hduchateaun3@studiopress.com,Male,China,Civil Engineer
833,Minni,Loker,mlokern4@usatoday.com,Female,Russia,Help Desk Operator
834,Persis,Plumm,pplummn5@google.pl,Female,Croatia,Data Coordinator
835,Nataniel,Braine,nbrainen6@wufoo.com,Male,China,Research Associate
836,Clarence,Mattiato,cmattiaton7@mozilla.com,Male,Sierra Leone,Pharmacist
837,Ilaire,Stonman,istonmann8@answers.com,Male,Slovenia,Nurse
838,Rosette,Flacknoe,rflacknoen9@odnoklassniki.ru,Female,China,Senior Sales Associate
839,Blayne,Cunnington,bcunningtonna@yolasite.com,Male,Brazil,Senior Quality Engineer
840,Beatrisa,Holworth,bholworthnb@nationalgeographic.com,Female,China,Assistant Professor
841,Mortie,Bethel,mbethelnc@wired.com,Male,South Korea,Programmer I
842,Jerrilyn,Soulsby,jsoulsbynd@time.com,Female,Russia,Software Consultant
843,Linnea,Bilovsky,lbilovskyne@narod.ru,Female,South Africa,Design Engineer
844,Vernon,McEvoy,vmcevoynf@msn.com,Agender,Russia,Geological Engineer
845,Beverlee,Sparkwell,bsparkwellng@webeden.co.uk,Non-binary,Indonesia,Social Worker
846,Lodovico,Callis,lcallisnh@japanpost.jp,Male,Germany,Teacher
847,Zarla,Schenfisch,zschenfischni@goodreads.com,Female,Indonesia,GIS Technical Architect
848,Patrick,Ledes,pledesnj@accuweather.com,Non-binary,China,Senior Developer
849,Bendick,Dakers,bdakersnk@mysql.com,Male,China,Geologist II
850,Pen,Delacroix,pdelacroixnl@shareasale.com,Male,China,VP Quality Control
851,Faunie,Verner,fvernernm@storify.com,Female,Indonesia,Web Developer IV
852,Julee,Morteo,jmorteonn@howstuffworks.com,Female,Sweden,Physical Therapy Assistant
853,Adrianne,Belt,abeltno@comcast.net,Female,Malta,VP Accounting
854,Justis,Soffe,jsoffenp@ebay.co.uk,Male,Nigeria,Community Outreach Specialist
855,Renaldo,Flatley,rflatleynq@pen.io,Male,Indonesia,Electrical Engineer
856,Yul,Machent,ymachentnr@china.com.cn,Male,Palestinian Territory,Editor
857,Michal,Nation,mnationns@addthis.com,Male,Portugal,Media Manager II
858,Marieann,Conman,mconmannt@baidu.com,Female,Russia,Programmer II
859,Angie,Brockley,abrockleynu@timesonline.co.uk,Female,Philippines,Senior Cost Accountant
860,Jess,Chaudrelle,jchaudrellenv@mail.ru,Female,Serbia,Compensation Analyst
861,Anabella,Sawell,asawellnw@opera.com,Female,Indonesia,Teacher
862,Eulalie,Gilley,egilleynx@hubpages.com,Female,Mexico,Assistant Manager
863,Coletta,Snarie,csnarieny@comcast.net,Female,Czech Republic,Web Designer IV
864,Devlen,Dudden,dduddennz@hc360.com,Bigender,Russia,Systems Administrator I
865,Lia,Hugill,lhugillo0@zimbio.com,Female,China,Sales Representative
866,Leia,Kneal,lknealo1@wikispaces.com,Female,Vietnam,Health Coach III
867,Danyelle,Giffin,dgiffino2@discuz.net,Female,China,Assistant Professor
868,Bernhard,Harborow,bharborowo3@bloomberg.com,Male,Peru,Project Manager
869,Marni,Reede,mreedeo4@wikipedia.org,Female,Japan,Programmer II
870,Marsha,Waby,mwabyo5@columbia.edu,Female,Luxembourg,Actuary
871,Howey,Pavia,hpaviao6@prweb.com,Male,Sweden,Business Systems Development Analyst
872,Millard,Yakobowitch,myakobowitcho7@sakura.ne.jp,Male,Sweden,Budget/Accounting Analyst I
873,Allissa,Gaukroger,agaukrogero8@umich.edu,Female,Russia,VP Product Management
874,Elia,Fendley,efendleyo9@msn.com,Male,China,Project Manager
875,Cyrus,Doughtery,cdoughteryoa@sun.com,Male,Spain,Senior Quality Engineer
876,Markos,Brabin,mbrabinob@smugmug.com,Male,China,VP Marketing
877,Jarid,Cestard,jcestardoc@fda.gov,Male,El Salvador,VP Marketing
878,Victor,Cattrell,vcattrellod@cbc.ca,Male,China,Office Assistant I
879,Katrina,Manneville,kmannevilleoe@sfgate.com,Female,Albania,Physical Therapy Assistant
880,Dalton,Morrott,dmorrottof@skyrock.com,Male,Philippines,Assistant Manager
881,Teodor,Lambertson,tlambertsonog@apache.org,Male,Thailand,General Manager
882,Phillis,Smoth,psmothoh@tuttocitta.it,Female,Indonesia,Marketing Assistant
883,Paolo,Oakeshott,poakeshottoi@google.cn,Bigender,United States,Senior Cost Accountant
884,Jeanine,Boothman,jboothmanoj@bizjournals.com,Female,Albania,Human Resources Assistant IV
885,Claudia,Niemiec,cniemiecok@freewebs.com,Female,Indonesia,Budget/Accounting Analyst I
886,Janka,Schubbert,jschubbertol@ft.com,Female,Tunisia,General Manager
887,Charisse,Minchell,cminchellom@acquirethisname.com,Female,Indonesia,Speech Pathologist
888,Deane,Snoddin,dsnoddinon@tinypic.com,Female,Indonesia,Assistant Media Planner
889,Rowen,Conley,rconleyoo@networkadvertising.org,Male,Ukraine,General Manager
890,Amii,Plum,aplumop@opensource.org,Female,Mexico,Assistant Media Planner
891,Vivi,Rasher,vrasheroq@arstechnica.com,Female,Portugal,Research Assistant II
892,Gerrie,Bouchard,gbouchardor@qq.com,Female,Ethiopia,VP Quality Control
893,Cecilius,Harme,charmeos@boston.com,Non-binary,Ukraine,Director of Sales
894,Colin,Maasze,cmaaszeot@ucoz.ru,Male,Japan,Programmer Analyst I
895,Emmanuel,Dressel,edresselou@un.org,Male,Thailand,Payment Adjustment Coordinator
896,Clary,Dawton,cdawtonov@rakuten.co.jp,Female,Ukraine,Programmer III
897,Corney,Gosnell,cgosnellow@posterous.com,Male,Philippines,Editor
898,Bennie,Rendbaek,brendbaekox@xrea.com,Female,Colombia,Human Resources Assistant I
899,Leonhard,Dufoure,ldufoureoy@noaa.gov,Male,Indonesia,Cost Accountant
900,Jemmy,Ucceli,juccelioz@istockphoto.com,Female,Russia,Assistant Media Planner
901,Dene,Plowman,dplowmanp0@usatoday.com,Male,Tanzania,Account Coordinator
902,Haslett,Idel,hidelp1@nationalgeographic.com,Male,China,Research Associate
903,Irving,Bloxham,ibloxhamp2@networkadvertising.org,Male,Haiti,Systems Administrator IV
904,Maximilianus,Spanton,mspantonp3@va.gov,Male,Russia,Safety Technician I
905,Angelina,Whyte,awhytep4@paypal.com,Female,Kenya,Research Associate
906,Gasper,McKeachie,gmckeachiep5@bloglines.com,Male,Ireland,Actuary
907,Dulce,Preece,dpreecep6@psu.edu,Genderqueer,Netherlands,Web Designer III
908,Tarrah,Phalp,tphalpp7@scribd.com,Female,China,Financial Analyst
909,Gwenora,Blankman,gblankmanp8@quantcast.com,Genderqueer,Honduras,Teacher
910,Drusie,Velde,dveldep9@jiathis.com,Female,Indonesia,VP Product Management
911,Nariko,Smitherham,nsmitherhampa@hud.gov,Female,Sweden,Biostatistician III
912,Rahel,Rocco,rroccopb@patch.com,Female,France,Recruiting Manager
913,Guido,Bluett,gbluettpc@amazonaws.com,Male,Spain,Account Coordinator
914,Sonny,Loughman,sloughmanpd@google.cn,Female,Liechtenstein,Marketing Assistant
915,Lynea,Di Dello,ldidellope@desdev.cn,Female,Russia,Graphic Designer
916,North,Brandino,nbrandinopf@netvibes.com,Male,Bulgaria,GIS Technical Architect
917,Sofia,Duthie,sduthiepg@biglobe.ne.jp,Female,Croatia,Analog Circuit Design manager
918,Hobey,Schuelcke,hschuelckeph@gov.uk,Male,Brazil,Structural Analysis Engineer
919,Ernesta,Creamer,ecreamerpi@php.net,Female,Chile,Research Assistant I
920,Phaidra,Lamberti,plambertipj@japanpost.jp,Female,Indonesia,Social Worker
921,Yance,Read,yreadpk@miitbeian.gov.cn,Male,China,Chief Design Engineer
922,Cad,Hulburd,chulburdpl@usatoday.com,Male,Philippines,Nurse Practicioner
923,Thorpe,Dulwich,tdulwichpm@scribd.com,Male,Mexico,Physical Therapy Assistant
924,Tripp,Squires,tsquirespn@usda.gov,Male,Indonesia,Financial Advisor
925,Marianne,Dealey,mdealeypo@smugmug.com,Agender,China,Safety Technician IV
926,Obadias,Sherwood,osherwoodpp@123-reg.co.uk,Male,Iraq,Financial Advisor
927,Madelene,Corain,mcorainpq@scientificamerican.com,Female,China,Human Resources Manager
928,Jessa,Dorset,jdorsetpr@google.cn,Female,Indonesia,Occupational Therapist
929,Em,Giraudel,egiraudelps@angelfire.com,Female,United States,Professor
930,Gaven,Peacop,gpeacoppt@usgs.gov,Male,Indonesia,Automation Specialist II
931,Morey,Absalom,mabsalompu@amazon.co.jp,Male,Sweden,Desktop Support Technician
932,Yankee,Espadater,yespadaterpv@nsw.gov.au,Male,Zambia,Programmer I
933,Stinky,Schimann,sschimannpw@g.co,Male,China,Teacher
934,Laurella,McLoughlin,lmcloughlinpx@livejournal.com,Female,Belarus,VP Accounting
935,Pennie,Everitt,peverittpy@scribd.com,Male,Greece,Paralegal
936,Muhammad,Purselowe,mpurselowepz@webnode.com,Male,China,Professor
937,Cynthia,Eldritt,celdrittq0@ed.gov,Female,Russia,Assistant Media Planner
938,Grant,Coxhell,gcoxhellq1@nytimes.com,Male,China,VP Quality Control
939,Jeremie,Van Arsdale,jvanarsdaleq2@youtube.com,Male,Greece,Account Executive
940,Trudi,Jerratsch,tjerratschq3@simplemachines.org,Agender,Peru,Pharmacist
941,Kipp,Van der Baaren,kvanderbaarenq4@google.co.uk,Female,Brazil,VP Accounting
942,Lane,Harvett,lharvettq5@simplemachines.org,Male,Panama,Account Executive
943,Maryellen,Cumber,mcumberq6@blogger.com,Non-binary,Israel,Social Worker
944,Archaimbaud,Debow,adebowq7@g.co,Male,China,Marketing Manager
945,Giovanni,Hargrave,ghargraveq8@rambler.ru,Male,Russia,Account Executive
946,Karlie,Mahmood,kmahmoodq9@goo.ne.jp,Female,Ukraine,Recruiting Manager
947,Gabriell,Comley,gcomleyqa@princeton.edu,Female,China,Nurse
948,Ernie,McIlheran,emcilheranqb@fotki.com,Male,China,Electrical Engineer
949,Wilmar,Moseley,wmoseleyqc@sohu.com,Male,Peru,Quality Engineer
950,Leona,Honacker,lhonackerqd@slate.com,Female,Philippines,Executive Secretary
951,Sly,Norrington,snorringtonqe@livejournal.com,Male,Russia,Developer I
952,Archie,Ferryman,aferrymanqf@oakley.com,Male,China,Associate Professor
953,Lorain,Daviot,ldaviotqg@arizona.edu,Female,Philippines,Design Engineer
954,Tadeas,Pressdee,tpressdeeqh@weebly.com,Male,Bolivia,Tax Accountant
955,Timmie,Beaglehole,tbeagleholeqi@51.la,Female,Honduras,Administrative Assistant III
956,Shelli,Flecknoe,sflecknoeqj@apache.org,Female,China,Programmer III
957,Katti,Loveless,klovelessqk@nbcnews.com,Female,Bosnia and Herzegovina,Engineer II
958,Barbaraanne,Saunderson,bsaundersonql@skyrock.com,Female,Brazil,Nurse
959,Jose,Nottle,jnottleqm@opensource.org,Male,China,Budget/Accounting Analyst III
960,Fidelio,Charke,fcharkeqn@seattletimes.com,Male,Peru,Human Resources Manager
961,Damon,Duffell,dduffellqo@chronoengine.com,Male,Indonesia,Civil Engineer
962,Ewart,Kaming,ekamingqp@yellowpages.com,Genderfluid,Serbia,Senior Financial Analyst
963,Johnathon,Lening,jleningqq@shareasale.com,Male,China,Community Outreach Specialist
964,Kynthia,Pleager,kpleagerqr@blogtalkradio.com,Female,France,Account Executive
965,Hamilton,Ogers,hogersqs@blog.com,Male,Afghanistan,Account Representative I
966,Maryjane,Ewert,mewertqt@jimdo.com,Female,United States,Compensation Analyst
967,Matthieu,Boreham,mborehamqu@google.ca,Male,Argentina,VP Quality Control
968,Tommie,Andryushchenko,tandryushchenkoqv@cornell.edu,Male,Philippines,Computer Systems Analyst I
969,Whitney,Cohn,wcohnqw@vinaora.com,Female,Madagascar,Senior Editor
970,Alexine,Sloat,asloatqx@diigo.com,Female,Colombia,Geological Engineer
971,Brietta,Dunbar,bdunbarqy@ted.com,Female,China,Help Desk Technician
972,Alvina,Chatters,achattersqz@unblog.fr,Female,Indonesia,Teacher
973,Cecilius,Hallgath,challgathr0@harvard.edu,Male,Uganda,Programmer I
974,Abner,Garrals,agarralsr1@wordpress.com,Male,Paraguay,Pharmacist
975,Rosita,Janssen,rjanssenr2@goodreads.com,Genderfluid,Russia,Mechanical Systems Engineer
976,Vincenty,Timbridge,vtimbridger3@dailymail.co.uk,Genderfluid,Jordan,Social Worker
977,Mikaela,Enric,menricr4@wikispaces.com,Female,Brazil,Nurse
978,Matti,Traher,mtraherr5@umich.edu,Female,Poland,Chemical Engineer
979,Cosmo,Stowers,cstowersr6@usda.gov,Male,United States,Product Engineer
980,Johnnie,Swatheridge,jswatheridger7@360.cn,Male,France,Business Systems Development Analyst
981,Raynor,Mawd,rmawdr8@amazon.de,Male,Iran,Quality Control Specialist
982,Enrica,Hause,ehauser9@house.gov,Female,Russia,Nurse
983,Keefer,Cowperthwaite,kcowperthwaitera@yahoo.co.jp,Male,Sweden,Statistician IV
984,Isidor,Sawtell,isawtellrb@lycos.com,Male,Malta,Marketing Manager
985,Phillip,Saltwell,psaltwellrc@pcworld.com,Male,El Salvador,Web Designer II
986,Rori,Brenard,rbrenardrd@theatlantic.com,Female,Colombia,Safety Technician III
987,Wynne,Vondrasek,wvondrasekre@parallels.com,Female,Kuwait,Help Desk Technician
988,Konstantin,McDell,kmcdellrf@chicagotribune.com,Male,China,Tax Accountant
989,Ferris,Iacovucci,fiacovuccirg@fastcompany.com,Male,Philippines,Senior Quality Engineer
990,Claudius,Filippucci,cfilippuccirh@purevolume.com,Male,Cuba,Registered Nurse
991,Harlie,Woehler,hwoehlerri@home.pl,Female,Indonesia,Chief Design Engineer
992,Mordy,Bleasby,mbleasbyrj@theglobeandmail.com,Male,Poland,Database Administrator III
993,Margarette,Cranson,mcransonrk@nhs.uk,Female,Poland,Marketing Manager
994,Lissy,Bourley,lbourleyrl@washington.edu,Female,Portugal,VP Sales
995,Deidre,Sandeland,dsandelandrm@prweb.com,Female,China,Senior Developer
996,Zane,Kell,zkellrn@diigo.com,Male,China,Clinical Specialist
997,Ailbert,Dyster,adysterro@so-net.ne.jp,Male,United States,Business Systems Development Analyst
998,Prince,Caird,pcairdrp@mail.ru,Male,Mexico,Dental Hygienist
999,Laney,Widmore,lwidmorerq@mlb.com,Bigender,Indonesia,Programmer Analyst III
1000,Colver,Kienl,ckienlrr@comsenz.com,Polygender,China,Design Engineer
